[{"model": "auth.permission", "pk": 1, "fields": {"name": "Can add log entry", "content_type": 1, "codename": "add_logentry"}}, {"model": "auth.permission", "pk": 2, "fields": {"name": "Can change log entry", "content_type": 1, "codename": "change_logentry"}}, {"model": "auth.permission", "pk": 3, "fields": {"name": "Can delete log entry", "content_type": 1, "codename": "delete_logentry"}}, {"model": "auth.permission", "pk": 4, "fields": {"name": "Can view log entry", "content_type": 1, "codename": "view_logentry"}}, {"model": "auth.permission", "pk": 5, "fields": {"name": "Can add permission", "content_type": 2, "codename": "add_permission"}}, {"model": "auth.permission", "pk": 6, "fields": {"name": "Can change permission", "content_type": 2, "codename": "change_permission"}}, {"model": "auth.permission", "pk": 7, "fields": {"name": "Can delete permission", "content_type": 2, "codename": "delete_permission"}}, {"model": "auth.permission", "pk": 8, "fields": {"name": "Can view permission", "content_type": 2, "codename": "view_permission"}}, {"model": "auth.permission", "pk": 9, "fields": {"name": "Can add group", "content_type": 3, "codename": "add_group"}}, {"model": "auth.permission", "pk": 10, "fields": {"name": "Can change group", "content_type": 3, "codename": "change_group"}}, {"model": "auth.permission", "pk": 11, "fields": {"name": "Can delete group", "content_type": 3, "codename": "delete_group"}}, {"model": "auth.permission", "pk": 12, "fields": {"name": "Can view group", "content_type": 3, "codename": "view_group"}}, {"model": "auth.permission", "pk": 13, "fields": {"name": "Can add content type", "content_type": 4, "codename": "add_contenttype"}}, {"model": "auth.permission", "pk": 14, "fields": {"name": "Can change content type", "content_type": 4, "codename": "change_contenttype"}}, {"model": "auth.permission", "pk": 15, "fields": {"name": "Can delete content type", "content_type": 4, "codename": "delete_contenttype"}}, {"model": "auth.permission", "pk": 16, "fields": {"name": "Can view content type", "content_type": 4, "codename": "view_contenttype"}}, {"model": "auth.permission", "pk": 17, "fields": {"name": "Can add session", "content_type": 5, "codename": "add_session"}}, {"model": "auth.permission", "pk": 18, "fields": {"name": "Can change session", "content_type": 5, "codename": "change_session"}}, {"model": "auth.permission", "pk": 19, "fields": {"name": "Can delete session", "content_type": 5, "codename": "delete_session"}}, {"model": "auth.permission", "pk": 20, "fields": {"name": "Can view session", "content_type": 5, "codename": "view_session"}}, {"model": "auth.permission", "pk": 21, "fields": {"name": "Can add user", "content_type": 6, "codename": "add_user"}}, {"model": "auth.permission", "pk": 22, "fields": {"name": "Can change user", "content_type": 6, "codename": "change_user"}}, {"model": "auth.permission", "pk": 23, "fields": {"name": "Can delete user", "content_type": 6, "codename": "delete_user"}}, {"model": "auth.permission", "pk": 24, "fields": {"name": "Can view user", "content_type": 6, "codename": "view_user"}}, {"model": "auth.permission", "pk": 25, "fields": {"name": "Can add Категория", "content_type": 7, "codename": "add_category"}}, {"model": "auth.permission", "pk": 26, "fields": {"name": "Can change Категория", "content_type": 7, "codename": "change_category"}}, {"model": "auth.permission", "pk": 27, "fields": {"name": "Can delete Категория", "content_type": 7, "codename": "delete_category"}}, {"model": "auth.permission", "pk": 28, "fields": {"name": "Can view Категория", "content_type": 7, "codename": "view_category"}}, {"model": "auth.permission", "pk": 29, "fields": {"name": "Can add Жанр", "content_type": 8, "codename": "add_genre"}}, {"model": "auth.permission", "pk": 30, "fields": {"name": "Can change Жанр", "content_type": 8, "codename": "change_genre"}}, {"model": "auth.permission", "pk": 31, "fields": {"name": "Can delete Жанр", "content_type": 8, "codename": "delete_genre"}}, {"model": "auth.permission", "pk": 32, "fields": {"name": "Can view Жанр", "content_type": 8, "codename": "view_genre"}}, {"model": "auth.permission", "pk": 33, "fields": {"name": "Can add Связь произведения и его жанра", "content_type": 9, "codename": "add_genretitle"}}, {"model": "auth.permission", "pk": 34, "fields": {"name": "Can change Связь произведения и его жанра", "content_type": 9, "codename": "change_genretitle"}}, {"model": "auth.permission", "pk": 35, "fields": {"name": "Can delete Связь произведения и его жанра", "content_type": 9, "codename": "delete_genretitle"}}, {"model": "auth.permission", "pk": 36, "fields": {"name": "Can view Связь произведения и его жанра", "content_type": 9, "codename": "view_genretitle"}}, {"model": "auth.permission", "pk": 37, "fields": {"name": "Can add Произведение", "content_type": 10, "codename": "add_title"}}, {"model": "auth.permission", "pk": 38, "fields": {"name": "Can change Произведение", "content_type": 10, "codename": "change_title"}}, {"model": "auth.permission", "pk": 39, "fields": {"name": "Can delete Произведение", "content_type": 10, "codename": "delete_title"}}, {"model": "auth.permission", "pk": 40, "fields": {"name": "Can view Произведение", "content_type": 10, "codename": "view_title"}}, {"model": "auth.permission", "pk": 41, "fields": {"name": "Can add Отзыв", "content_type": 11, "codename": "add_review"}}, {"model": "auth.permission", "pk": 42, "fields": {"name": "Can change Отзыв", "content_type": 11, "codename": "change_review"}}, {"model": "auth.permission", "pk": 43, "fields": {"name": "Can delete Отзыв", "content_type": 11, "codename": "delete_review"}}, {"model": "auth.permission", "pk": 44, "fields": {"name": "Can view Отзыв", "content_type": 11, "codename": "view_review"}}, {"model": "auth.permission", "pk": 45, "fields": {"name": "Can add comment", "content_type": 12, "codename": "add_comment"}}, {"model": "auth.permission", "pk": 46, "fields": {"name": "Can change comment", "content_type": 12, "codename": "change_comment"}}, {"model": "auth.permission", "pk": 47, "fields": {"name": "Can delete comment", "content_type": 12, "codename": "delete_comment"}}, {"model": "auth.permission", "pk": 48, "fields": {"name": "Can view comment", "content_type": 12, "codename": "view_comment"}}, {"model": "contenttypes.contenttype", "pk": 1, "fields": {"app_label": "admin", "model": "logentry"}}, {"model": "contenttypes.contenttype", "pk": 2, "fields": {"app_label": "auth", "model": "permission"}}, {"model": "contenttypes.contenttype", "pk": 3, "fields": {"app_label": "auth", "model": "group"}}, {"model": "contenttypes.contenttype", "pk": 4, "fields": {"app_label": "contenttypes", "model": "contenttype"}}, {"model": "contenttypes.contenttype", "pk": 5, "fields": {"app_label": "sessions", "model": "session"}}, {"model": "contenttypes.contenttype", "pk": 6, "fields": {"app_label": "users", "model": "user"}}, {"model": "contenttypes.contenttype", "pk": 7, "fields": {"app_label": "reviews", "model": "category"}}, {"model": "contenttypes.contenttype", "pk": 8, "fields": {"app_label": "reviews", "model": "genre"}}, {"model": "contenttypes.contenttype", "pk": 9, "fields": {"app_label": "reviews", "model": "genretitle"}}, {"model": "contenttypes.contenttype", "pk": 10, "fields": {"app_label": "reviews", "model": "title"}}, {"model": "contenttypes.contenttype", "pk": 11, "fields": {"app_label": "reviews", "model": "review"}}, {"model": "contenttypes.contenttype", "pk": 12, "fields": {"app_label": "reviews", "model": "comment"}}, {"model": "users.user", "pk": 100, "fields": {"password": "", "last_login": null, "is_superuser": false, "first_name": "", "last_name": "", "is_staff": false, "is_active": true, "date_joined": "2023-05-07T16:48:57.582Z", "username": "bingobongo", "email": "bingobongo@yamdb.fake", "role": "user", "bio": "", "confirmation_code": "", "groups": [], "user_permissions": []}}, {"model": "users.user", "pk": 101, "fields": {"password": "", "last_login": null, "is_superuser": false, "first_name": "", "last_name": "", "is_staff": false, "is_active": true, "date_joined": "2023-05-07T16:48:57.638Z", "username": "capt_obvious", "email": "capt_obvious@yamdb.fake", "role": "admin", "bio": "", "confirmation_code": "", "groups": [], "user_permissions": []}}, {"model": "users.user", "pk": 102, "fields": {"password": "", "last_login": null, "is_superuser": false, "first_name": "", "last_name": "", "is_staff": false, "is_active": true, "date_joined": "2023-05-07T16:48:57.649Z", "username": "faust", "email": "faust@yamdb.fake", "role": "user", "bio": "", "confirmation_code": "", "groups": [], "user_permissions": []}}, {"model": "users.user", "pk": 103, "fields": {"password": "", "last_login": null, "is_superuser": false, "first_name": "", "last_name": "", "is_staff": false, "is_active": true, "date_joined": "2023-05-07T16:48:57.660Z", "username": "reviewer", "email": "reviewer@yamdb.fake", "role": "user", "bio": "", "confirmation_code": "", "groups": [], "user_permissions": []}}, {"model": "users.user", "pk": 104, "fields": {"password": "", "last_login": null, "is_superuser": false, "first_name": "", "last_name": "", "is_staff": false, "is_active": true, "date_joined": "2023-05-07T16:48:57.671Z", "username": "angry", "email": "angry@yamdb.fake", "role": "moderator", "bio": "", "confirmation_code": "", "groups": [], "user_permissions": []}}, {"model": "reviews.category", "pk": 1, "fields": {"name": "Фильм", "slug": "movie"}}, {"model": "reviews.category", "pk": 2, "fields": {"name": "Книга", "slug": "book"}}, {"model": "reviews.category", "pk": 3, "fields": {"name": "Музыка", "slug": "music"}}, {"model": "reviews.genre", "pk": 1, "fields": {"name": "Драма", "slug": "drama"}}, {"model": "reviews.genre", "pk": 2, "fields": {"name": "Комедия", "slug": "comedy"}}, {"model": "reviews.genre", "pk": 3, "fields": {"name": "Вестерн", "slug": "western"}}, {"model": "reviews.genre", "pk": 4, "fields": {"name": "Фэнтези", "slug": "fantasy"}}, {"model": "reviews.genre", "pk": 5, "fields": {"name": "Фантастика", "slug": "sci-fi"}}, {"model": "reviews.genre", "pk": 6, "fields": {"name": "Детектив", "slug": "detective"}}, {"model": "reviews.genre", "pk": 7, "fields": {"name": "Триллер", "slug": "thriller"}}, {"model": "reviews.genre", "pk": 8, "fields": {"name": "Сказка", "slug": "tale"}}, {"model": "reviews.genre", "pk": 9, "fields": {"name": "Гонзо", "slug": "gonzo"}}, {"model": "reviews.genre", "pk": 10, "fields": {"name": "Роман", "slug": "roman"}}, {"model": "reviews.genre", "pk": 11, "fields": {"name": "Баллада", "slug": "ballad"}}, {"model": "reviews.genre", "pk": 12, "fields": {"name": "Rock-n-roll", "slug": "rock-n-roll"}}, {"model": "reviews.genre", "pk": 13, "fields": {"name": "Классика", "slug": "classical"}}, {"model": "reviews.genre", "pk": 14, "fields": {"name": "Рок", "slug": "rock"}}, {"model": "reviews.genre", "pk": 15, "fields": {"name": "Шансон", "slug": "chanson"}}, {"model": "reviews.title", "pk": 1, "fields": {"category": 1, "name": "Побег из Шоушенка", "description": null, "year": 1994}}, {"model": "reviews.title", "pk": 2, "fields": {"category": 1, "name": "Крестный отец", "description": null, "year": 1972}}, {"model": "reviews.title", "pk": 3, "fields": {"category": 1, "name": "12 разгневанных мужчин", "description": null, "year": 1957}}, {"model": "reviews.title", "pk": 4, "fields": {"category": 1, "name": "Список Шиндлера", "description": null, "year": 1993}}, {"model": "reviews.title", "pk": 5, "fields": {"category": 1, "name": "Криминальное чтиво", "description": null, "year": 1994}}, {"model": "reviews.title", "pk": 6, "fields": {"category": 1, "name": "Хороший, плохой, злой", "description": null, "year": 1966}}, {"model": "reviews.title", "pk": 7, "fields": {"category": 1, "name": "Властелин колец: Братство кольца", "description": null, "year": 2001}}, {"model": "reviews.title", "pk": 8, "fields": {"category": 1, "name": "Бойцовский клуб", "description": null, "year": 1999}}, {"model": "reviews.title", "pk": 9, "fields": {"category": 1, "name": "Форрест Гамп", "description": null, "year": 1994}}, {"model": "reviews.title", "pk": 10, "fields": {"category": 1, "name": "Звёздные войны. Эпизод 5: Империя наносит ответный удар", "description": null, "year": 1980}}, {"model": "reviews.title", "pk": 11, "fields": {"category": 1, "name": "Властелин колец: Две крепости", "description": null, "year": 2002}}, {"model": "reviews.title", "pk": 12, "fields": {"category": 1, "name": "Матрица", "description": null, "year": 1999}}, {"model": "reviews.title", "pk": 13, "fields": {"category": 1, "name": "Пролетая над гнездом кукушки", "description": null, "year": 1975}}, {"model": "reviews.title", "pk": 14, "fields": {"category": 1, "name": "Назад в будущее", "description": null, "year": 1985}}, {"model": "reviews.title", "pk": 15, "fields": {"category": 1, "name": "Операция «Ы» и другие приключения Шурика", "description": null, "year": 1965}}, {"model": "reviews.title", "pk": 16, "fields": {"category": 1, "name": "Карты, деньги, два ствола", "description": null, "year": 1998}}, {"model": "reviews.title", "pk": 17, "fields": {"category": 1, "name": "Джентльмены удачи ", "description": null, "year": 1971}}, {"model": "reviews.title", "pk": 18, "fields": {"category": 1, "name": "Джанго освобожденный", "description": null, "year": 2012}}, {"model": "reviews.title", "pk": 19, "fields": {"category": 1, "name": "Generation П", "description": null, "year": 2011}}, {"model": "reviews.title", "pk": 20, "fields": {"category": 2, "name": "Колобок", "description": null, "year": 1873}}, {"model": "reviews.title", "pk": 21, "fields": {"category": 2, "name": "Страх и ненависть в Лас-Вегасе", "description": null, "year": 1971}}, {"model": "reviews.title", "pk": 22, "fields": {"category": 2, "name": "Война и мир", "description": null, "year": 1865}}, {"model": "reviews.title", "pk": 23, "fields": {"category": 2, "name": "Улисс", "description": null, "year": 1918}}, {"model": "reviews.title", "pk": 24, "fields": {"category": 2, "name": "Generation П", "description": null, "year": 1999}}, {"model": "reviews.title", "pk": 25, "fields": {"category": 2, "name": "Винни Пух и все-все-все", "description": null, "year": 1926}}, {"model": "reviews.title", "pk": 26, "fields": {"category": 3, "name": "Стас Михайлов - Позывные на любовь", "description": null, "year": 2004}}, {"model": "reviews.title", "pk": 27, "fields": {"category": 3, "name": "Led Zeppelin — Stairway to Heaven", "description": null, "year": 1971}}, {"model": "reviews.title", "pk": 28, "fields": {"category": 3, "name": "Jethro Tull - Aqualung", "description": null, "year": 1971}}, {"model": "reviews.title", "pk": 29, "fields": {"category": 3, "name": "Elvis Presley - Blue Suede Shoes", "description": null, "year": 1955}}, {"model": "reviews.title", "pk": 30, "fields": {"category": 3, "name": "Deep Purple — Smoke on the Water", "description": null, "year": 1971}}, {"model": "reviews.title", "pk": 31, "fields": {"category": 3, "name": "Моцарт - Турецкий марш", "description": null, "year": 1784}}, {"model": "reviews.title", "pk": 32, "fields": {"category": 3, "name": "Бах. Оркестровая Сюита №2 си минор", "description": null, "year": 1739}}, {"model": "reviews.genretitle", "pk": 1, "fields": {"genre": 1, "title": 1}}, {"model": "reviews.genretitle", "pk": 2, "fields": {"genre": 1, "title": 2}}, {"model": "reviews.genretitle", "pk": 3, "fields": {"genre": 1, "title": 3}}, {"model": "reviews.genretitle", "pk": 4, "fields": {"genre": 1, "title": 4}}, {"model": "reviews.genretitle", "pk": 5, "fields": {"genre": 2, "title": 5}}, {"model": "reviews.genretitle", "pk": 6, "fields": {"genre": 6, "title": 5}}, {"model": "reviews.genretitle", "pk": 7, "fields": {"genre": 7, "title": 5}}, {"model": "reviews.genretitle", "pk": 8, "fields": {"genre": 3, "title": 6}}, {"model": "reviews.genretitle", "pk": 9, "fields": {"genre": 4, "title": 7}}, {"model": "reviews.genretitle", "pk": 10, "fields": {"genre": 7, "title": 8}}, {"model": "reviews.genretitle", "pk": 11, "fields": {"genre": 1, "title": 9}}, {"model": "reviews.genretitle", "pk": 12, "fields": {"genre": 2, "title": 9}}, {"model": "reviews.genretitle", "pk": 13, "fields": {"genre": 4, "title": 10}}, {"model": "reviews.genretitle", "pk": 14, "fields": {"genre": 4, "title": 11}}, {"model": "reviews.genretitle", "pk": 15, "fields": {"genre": 1, "title": 12}}, {"model": "reviews.genretitle", "pk": 16, "fields": {"genre": 5, "title": 12}}, {"model": "reviews.genretitle", "pk": 17, "fields": {"genre": 6, "title": 12}}, {"model": "reviews.genretitle", "pk": 18, "fields": {"genre": 8, "title": 12}}, {"model": "reviews.genretitle", "pk": 19, "fields": {"genre": 1, "title": 13}}, {"model": "reviews.genretitle", "pk": 20, "fields": {"genre": 5, "title": 14}}, {"model": "reviews.genretitle", "pk": 21, "fields": {"genre": 2, "title": 15}}, {"model": "reviews.genretitle", "pk": 22, "fields": {"genre": 6, "title": 15}}, {"model": "reviews.genretitle", "pk": 23, "fields": {"genre": 8, "title": 15}}, {"model": "reviews.genretitle", "pk": 24, "fields": {"genre": 2, "title": 16}}, {"model": "reviews.genretitle", "pk": 25, "fields": {"genre": 2, "title": 17}}, {"model": "reviews.genretitle", "pk": 26, "fields": {"genre": 1, "title": 18}}, {"model": "reviews.genretitle", "pk": 27, "fields": {"genre": 1, "title": 19}}, {"model": "reviews.genretitle", "pk": 28, "fields": {"genre": 7, "title": 20}}, {"model": "reviews.genretitle", "pk": 29, "fields": {"genre": 8, "title": 20}}, {"model": "reviews.genretitle", "pk": 30, "fields": {"genre": 9, "title": 21}}, {"model": "reviews.genretitle", "pk": 31, "fields": {"genre": 10, "title": 22}}, {"model": "reviews.genretitle", "pk": 32, "fields": {"genre": 10, "title": 23}}, {"model": "reviews.genretitle", "pk": 33, "fields": {"genre": 10, "title": 24}}, {"model": "reviews.genretitle", "pk": 34, "fields": {"genre": 8, "title": 25}}, {"model": "reviews.genretitle", "pk": 35, "fields": {"genre": 15, "title": 26}}, {"model": "reviews.genretitle", "pk": 36, "fields": {"genre": 11, "title": 27}}, {"model": "reviews.genretitle", "pk": 37, "fields": {"genre": 14, "title": 27}}, {"model": "reviews.genretitle", "pk": 38, "fields": {"genre": 11, "title": 28}}, {"model": "reviews.genretitle", "pk": 39, "fields": {"genre": 12, "title": 29}}, {"model": "reviews.genretitle", "pk": 40, "fields": {"genre": 14, "title": 30}}, {"model": "reviews.genretitle", "pk": 41, "fields": {"genre": 13, "title": 31}}, {"model": "reviews.genretitle", "pk": 42, "fields": {"genre": 13, "title": 32}}, {"model": "reviews.review", "pk": 1, "fields": {"title": 1, "author": 100, "pub_date": "2023-05-07T16:48:58.722Z", "text": "Ставлю десять звёзд!\n...Эти голоса были чище и светлее тех, о которых мечтали в этом сером, убогом месте. Как будто две птички влетели и своими голосами развеяли стены наших клеток, и на короткий миг каждый человек в Шоушенке почувствовал себя свободным.", "score": 10}}, {"model": "reviews.review", "pk": 2, "fields": {"title": 1, "author": 101, "pub_date": "2023-05-07T16:48:58.742Z", "text": "Не привыкай\n«Эти стены имеют одно свойство: сначала ты их ненавидишь, потом привыкаешь, а потом не можешь без них жить»", "score": 10}}, {"model": "reviews.review", "pk": 3, "fields": {"title": 2, "author": 102, "pub_date": "2023-05-07T16:48:58.753Z", "text": "Фильм, разобранный на цитаты, достоин высшей оценки. Десять с плюсом (жаль, тут плюса нет)\n\"Ты пришел и говоришь: \"Дон Корлеоне, мне нужна справедливость\". Но ты просишь без уважения, ты не предлагаешь дружбу, ты даже не назвал меня Крестным Отцом.\"", "score": 10}}, {"model": "reviews.review", "pk": 4, "fields": {"title": 2, "author": 103, "pub_date": "2023-05-07T16:48:58.764Z", "text": "Жестокий, жестокий, жестокий мир, не о таком мечтали мы в детстве!!111\n***Отец сделал ему предложение, от которого он не смог отказаться. Лука Брази держал пистолет у его виска, и отец предложил выбор: либо на контракте мозги, либо подпись.***", "score": 1}}, {"model": "reviews.review", "pk": 5, "fields": {"title": 2, "author": 104, "pub_date": "2023-05-07T16:48:58.775Z", "text": "Это мои соседи! Ставлю три звезды за то, что они дважды отдавили мне окном пальцы:\n----------------------\n— Вы живёте в плохом районе?\n— Не то слово. Однажды с нашей улицы угнали полицейскую машину с двумя полицейскими. В дом всё время лезут воры. Каждый раз, как я пытаюсь закрыть окно, прищемляю кому-нибудь пальцы.", "score": 3}}, {"model": "reviews.review", "pk": 6, "fields": {"title": 5, "author": 100, "pub_date": "2023-05-07T16:48:58.830Z", "text": "Всё, как в разных языках программирования! В основном — похоже, но вот эти маленькие различия выводят из себя. \nВеликий фильм на все случаи жизни!\n=====================================================\n— А знаешь, как в Париже называют четвертьфунтовый чизбургер?\n— Что, они не зовут его четвертьфунтовый чизбургер?\n— У них там метрическая система. Они вообще там не понимают, что за хрен четверть фунта.\n— И как они его зовут?\n— Они зовут его «Роял чизбургер».\n— «Роял чизбургер»? А как же тогда они зовут «Биг Мак»?\n— «Биг Мак» это «Биг Мак», только они называют его «Лё Биг Мак».", "score": 8}}, {"model": "reviews.review", "pk": 7, "fields": {"title": 5, "author": 101, "pub_date": "2023-05-07T16:48:58.841Z", "text": "Ничего не понятно. Они там что, страницы сценария перепутали? Его сперва убили, а потом он опять жив, а они сперва в футболках, потом в костюмах, а потом опять в футболках. Ерунда полная", "score": 1}}, {"model": "reviews.review", "pk": 8, "fields": {"title": 5, "author": 102, "pub_date": "2023-05-07T16:48:58.853Z", "text": "Очень поучительный фильм о том, что такое хорошо, что такое плохо и почему не надо читать в туалете.\nТвердая восьмёрка", "score": 8}}, {"model": "reviews.review", "pk": 9, "fields": {"title": 6, "author": 103, "pub_date": "2023-05-07T16:48:58.864Z", "text": "Посмотрел фильм. \n— На свете есть два типа людей: те, кто копает и те, у кого заряжен револьвер.\nПойду копать, как велел Клинт. \nДевять баллов.", "score": 9}}, {"model": "reviews.review", "pk": 10, "fields": {"title": 6, "author": 104, "pub_date": "2023-05-07T16:48:58.875Z", "text": "Вечная проблема всех злодеев, болтающих-болтающих-болтающих вместо того, чтобы просто застрелить противника, одним махом решена в этой сцене.\nЗа одно это фильм заслуживает высшего балла\n\"Пришел стрелять - стреляй, а не болтай!\"", "score": 10}}, {"model": "reviews.review", "pk": 12, "fields": {"title": 14, "author": 101, "pub_date": "2023-05-07T16:48:59.086Z", "text": "Недавно именно так я изобрёл вечный двигатель! Чистая правда в фильме, почему он назван \"фантастикой\", это же полнейший реализм!\nВот цитата. Но зачем ему часы в уборной?!\n— В тот день я изобрёл путешествие во времени! Как сейчас помню… Я стоял на унитазе и вешал часы. Вдруг подскользнулся, ударился головой о раковину", "score": 8}}, {"model": "reviews.review", "pk": 13, "fields": {"title": 14, "author": 102, "pub_date": "2023-05-07T16:48:59.097Z", "text": "Великий фильм, жаль только, что будущее, которое в нём показано, уже в прошлом. Но проблемы всё теже, вот как эта, например: «Док, послушай, всё, что нам нужно — это немного плутония!»\nВсегда не хватает какой-нибудь мелочи. Семёрка за то, что будущее оказалось не таким, как обещали.", "score": 7}}, {"model": "reviews.review", "pk": 14, "fields": {"title": 14, "author": 103, "pub_date": "2023-05-07T16:48:59.109Z", "text": "Будущее выглядит странно и неожиданно, тоже мне, бином Ньютона. Но диалог прекрасен, и за это не стану сильно минусовать.\n-- Then tell me, future boy, who's President of the United States in 1985?\n-- Ronald Reagan.\n-- Ronald Reagan? The actor? Then who's vice president? Jerry Lewis?", "score": 4}}, {"model": "reviews.review", "pk": 15, "fields": {"title": 17, "author": 104, "pub_date": "2023-05-07T16:48:59.197Z", "text": "Неужели из тюрьмы так легко было сбежать? Раз - и ты на свободе. Да, побег из Шоушенка пришлось готовить немного дольше. Пять за соцреализм", "score": 5}}, {"model": "reviews.review", "pk": 16, "fields": {"title": 3, "author": 100, "pub_date": "2023-05-07T16:48:58.786Z", "text": "Сходила в кино, решила написать: драйв и огонь, но иногда какой-то бред на экране. В середине фильма просто отличные диалоги! Пусть будет 7", "score": 7}}, {"model": "reviews.review", "pk": 17, "fields": {"title": 3, "author": 101, "pub_date": "2023-05-07T16:48:58.797Z", "text": "Смотрел, не отрываясь, хочу описать свои впечатления. По моему мнению, сценарий подкачал, зато подбор актёров - супер. Начало немного затянуто. Оператору - Оскара! Всё остальное - не очень. Фильм тянет на 8 из 10", "score": 8}}, {"model": "reviews.review", "pk": 18, "fields": {"title": 4, "author": 102, "pub_date": "2023-05-07T16:48:58.808Z", "text": "Скачал, посмотрел, думаю, что актёры так себе, сценарий хороший. Диалоги прекрасные, так что пусть будет восемь звезд", "score": 8}}, {"model": "reviews.review", "pk": 19, "fields": {"title": 4, "author": 103, "pub_date": "2023-05-07T16:48:58.820Z", "text": "Посмотрел. По моему мнению, актёры так себе, но сценарий хороший. Первую половину фильма можно спать, не опасаясь, что что-то пропустишь. Не раздумывая, ставлю уверенную десятку", "score": 10}}, {"model": "reviews.review", "pk": 20, "fields": {"title": 7, "author": 104, "pub_date": "2023-05-07T16:48:58.897Z", "text": "Скажу тем, кто ещё не смотрел: если бы я был режиссёром этого фильма - я бы не гордился. Оператора уволить, фильм получился так себе, но один раз посмотреть - сойдёт. Авторы честно заслужили 5 из 10", "score": 5}}, {"model": "reviews.review", "pk": 21, "fields": {"title": 7, "author": 100, "pub_date": "2023-05-07T16:48:58.886Z", "text": "Скачал, посмотрел, думаю, что сценарий подкачал, зато подбор актёров - супер. Начало немного затянуто, да и вообще не очень. Фильм едва тянет на 4", "score": 4}}, {"model": "reviews.review", "pk": 22, "fields": {"title": 8, "author": 101, "pub_date": "2023-05-07T16:48:58.908Z", "text": "Мне кажется, что я впустую потерял время. Ставлю 2", "score": 2}}, {"model": "reviews.review", "pk": 23, "fields": {"title": 8, "author": 102, "pub_date": "2023-05-07T16:48:58.920Z", "text": "Посмотрела. Актёры так себе, сценарий хороший. Уснула к середине. Не раздумывая, ставлю двойку ", "score": 2}}, {"model": "reviews.review", "pk": 24, "fields": {"title": 9, "author": 103, "pub_date": "2023-05-07T16:48:58.942Z", "text": "Все очень долго ждали премьеру фильма,и наконец дождались.Фильм отличный,добрый,смотрится почти на одном дыхании,с завязанным сюжетом и не менее крутой музыкой.Кино очень понравилось!!!Всем советую.", "score": 10}}, {"model": "reviews.review", "pk": 25, "fields": {"title": 9, "author": 104, "pub_date": "2023-05-07T16:48:58.953Z", "text": "Отстой-фильм. Не ходите", "score": 1}}, {"model": "reviews.review", "pk": 26, "fields": {"title": 9, "author": 100, "pub_date": "2023-05-07T16:48:58.931Z", "text": "Для людей, которые хотят посмеяться и получить море эмоций, тот самый фильм. Мне очень понравился.", "score": 10}}, {"model": "reviews.review", "pk": 27, "fields": {"title": 10, "author": 101, "pub_date": "2023-05-07T16:48:58.964Z", "text": "Первый раз в жизни решила написать отзыв,чтобы предостеречь от потери денег на билет и траты времени на просмотр. К игре актеров претензий нет", "score": 2}}, {"model": "reviews.review", "pk": 28, "fields": {"title": 10, "author": 102, "pub_date": "2023-05-07T16:48:58.976Z", "text": "2 часа смотрятся на одном дыхании. Спецэффекты на уровне фильмов Марвела. Смотрели всей семьей. Посмотрел несколько отзывов, понял , что фильм стоит посмотреть", "score": 10}}, {"model": "reviews.review", "pk": 29, "fields": {"title": 11, "author": 103, "pub_date": "2023-05-07T16:48:58.997Z", "text": "Действия персонажей вызывают постоянный вопросы - что и зачем они это делают. Логики просто нет. После половины фильма уже хочется уйти", "score": 1}}, {"model": "reviews.review", "pk": 30, "fields": {"title": 11, "author": 104, "pub_date": "2023-05-07T16:48:59.009Z", "text": "Лучший фильм, однозначно. Шедевр. Но следует понимать, что это не кино под пиво для молодежи. Стильно снято, на одном дыхании\nсмотрится, персонажи великолепны", "score": 10}}, {"model": "reviews.review", "pk": 31, "fields": {"title": 11, "author": 100, "pub_date": "2023-05-07T16:48:58.986Z", "text": "Тупее не видел, смотреть не интересно скучняк", "score": 1}}, {"model": "reviews.review", "pk": 32, "fields": {"title": 12, "author": 101, "pub_date": "2023-05-07T16:48:59.020Z", "text": "Фильм интересный,но не доработанный.Остроты сюжета не хватает", "score": 8}}, {"model": "reviews.review", "pk": 33, "fields": {"title": 12, "author": 102, "pub_date": "2023-05-07T16:48:59.031Z", "text": "Самая сильная картина за последнее время. Фильм заставляет плакать, радоваться, грустить, держит в напряжении", "score": 10}}, {"model": "reviews.review", "pk": 34, "fields": {"title": 12, "author": 103, "pub_date": "2023-05-07T16:48:59.042Z", "text": "С огромным удовольствием сходила в кинотеатр. Одноразовые фильмы, названия которых забываешь на выходе из дверей кинозала, разочаровывают. И вот настоящий, душевный, жизненный фильм. Игра акторов и сюжет бомбические.", "score": 9}}, {"model": "reviews.review", "pk": 35, "fields": {"title": 13, "author": 104, "pub_date": "2023-05-07T16:48:59.075Z", "text": "Что сказать после просмотра? Ничего. Такое ощущение, что тебя обманули, заставили смотреть за твои деньги на стену", "score": 1}}, {"model": "reviews.review", "pk": 36, "fields": {"title": 13, "author": 100, "pub_date": "2023-05-07T16:48:59.053Z", "text": "Хотелось уйти уже на двадцатой минуте. Неинтересно и нудно. Режиссура не впечатлила, ну просто неинтересно смотреть было", "score": 2}}, {"model": "reviews.review", "pk": 37, "fields": {"title": 13, "author": 101, "pub_date": "2023-05-07T16:48:59.064Z", "text": "Фильм стоит увидеть тем, кому интересно современное кино. Не скучно, не затянуто, понравилась операторская работа, некоторые сцены сделаны на хорошем уровне", "score": 8}}, {"model": "reviews.review", "pk": 38, "fields": {"title": 15, "author": 102, "pub_date": "2023-05-07T16:48:59.120Z", "text": "Муторно и тяжело. Ставлю 2", "score": 2}}, {"model": "reviews.review", "pk": 39, "fields": {"title": 15, "author": 103, "pub_date": "2023-05-07T16:48:59.131Z", "text": "Фильм не оправдал ожиданий. Сплошная каша, слабый сценарий. С трудом досмотрела до конца. Ожидала нечто такого интересного и захватывающее. Полное разочарование. Отдельные несвязные сцены, непонятные диалоги", "score": 3}}, {"model": "reviews.review", "pk": 40, "fields": {"title": 15, "author": 104, "pub_date": "2023-05-07T16:48:59.142Z", "text": "Мне фильм понравился. Все качественно,красиво. Игра актеров, в основном, очень даже. Но слишком много, для меня кровавых сцен,слабонервным просьба не смотреть", "score": 9}}, {"model": "reviews.review", "pk": 41, "fields": {"title": 16, "author": 100, "pub_date": "2023-05-07T16:48:59.153Z", "text": "Зря потерянное время! Эмоции после просмотра, - безысходность, ничего уже не изменишь. Фильм вообще никакой!!!\nИ поставили его люди бездарные и никчёмные!!!", "score": 1}}, {"model": "reviews.review", "pk": 42, "fields": {"title": 16, "author": 101, "pub_date": "2023-05-07T16:48:59.164Z", "text": "После просмотра разочарование граничит с шоком. Бездарный фильм, как предыдущий от этого же режиссера. Не рекомендую никому! Плохо, неправдоподобно, скомкано снято.", "score": 2}}, {"model": "reviews.review", "pk": 43, "fields": {"title": 16, "author": 102, "pub_date": "2023-05-07T16:48:59.175Z", "text": "Фильм мощный. Главное - не занимать чью-то позицию, а смотреть со стороны. Впервые вижу, чтобы было так детально показаны переживания и эмоции каждого героя. Все на своем месте. Актеры и графика на высоте.", "score": 10}}, {"model": "reviews.review", "pk": 44, "fields": {"title": 17, "author": 103, "pub_date": "2023-05-07T16:48:59.186Z", "text": "Если такой жанр вам по вкусу, то даже не сомневайтесь - бегом в кинотеатр! Фильм - огонь! Интересный сюжет, великолепная игра актёров, съёмки просто супер, да и спецэффекты на высоте", "score": 10}}, {"model": "reviews.review", "pk": 45, "fields": {"title": 18, "author": 104, "pub_date": "2023-05-07T16:48:59.220Z", "text": "Сюжет, мысль, философия, игра актеров, эмоции - блеск! Сюжет динамичный, игра актёров хороша, но не идеальна.", "score": 8}}, {"model": "reviews.review", "pk": 46, "fields": {"title": 18, "author": 100, "pub_date": "2023-05-07T16:48:59.208Z", "text": "Разочарованине, вытащила себя в кино, а тут такое. Реклама шла мноообещающая, а в реальности всё не то", "score": 2}}, {"model": "reviews.review", "pk": 47, "fields": {"title": 19, "author": 101, "pub_date": "2023-05-07T16:48:59.231Z", "text": "Неправдоподобный, нелогичный, бессмысленный фильм. Просто никакой, можете даже не смотреть, сути не уловите. Мне понравился", "score": 10}}, {"model": "reviews.review", "pk": 48, "fields": {"title": 19, "author": 102, "pub_date": "2023-05-07T16:48:59.242Z", "text": "Интересно продуманный фильм, цепляет необычным сюжетом. длинный, что бывает не во всех фильмах. Актёры крутые. В общем, посмотреть можно.", "score": 8}}, {"model": "reviews.review", "pk": 49, "fields": {"title": 20, "author": 103, "pub_date": "2023-05-07T16:48:59.253Z", "text": "Внимательно слежу за всеми новыми изданиями, покупаю каждое. Лучший триллер тысячелетия — это «Колобок»", "score": 10}}, {"model": "reviews.review", "pk": 50, "fields": {"title": 20, "author": 104, "pub_date": "2023-05-07T16:48:59.264Z", "text": "А вот у кипчаков «колобок» — шарик из навоза! И сказка приобретает совсем другой смысл! «Не хитри, а то навоза накушаешься!»", "score": 10}}, {"model": "reviews.review", "pk": 51, "fields": {"title": 21, "author": 100, "pub_date": "2023-05-07T16:48:59.275Z", "text": "Прочла от начала до конца, не отрываясь. Ужасная книга, чему она может научить нашу молодёжь.", "score": 1}}, {"model": "reviews.review", "pk": 52, "fields": {"title": 21, "author": 101, "pub_date": "2023-05-07T16:48:59.286Z", "text": "Суровые американские семидесятые в документальном изложении. Как автор дожил до 2005-го года — загадка. Но роман прекрасный.", "score": 10}}, {"model": "reviews.review", "pk": 53, "fields": {"title": 22, "author": 102, "pub_date": "2023-05-07T16:48:59.297Z", "text": "Многабукуф. Ниасилил. В аннотации написано — «великий роман», так что ставлю максимальную оценку", "score": 10}}, {"model": "reviews.review", "pk": 54, "fields": {"title": 22, "author": 103, "pub_date": "2023-05-07T16:48:59.308Z", "text": "Если такой жанр вам по вкусу, то даже не сомневайтесь: садитесь читать! Роман - огонь! Интересный сюжет, великолепные персонажи, небо Аустерлица и встреча с дубом", "score": 10}}, {"model": "reviews.review", "pk": 55, "fields": {"title": 22, "author": 104, "pub_date": "2023-05-07T16:48:59.320Z", "text": "Я ВиМ в школе читал (заставляли), а потом опять случайно прочёл, и оказалось, что он и правла великий, а не просто так. Не ставлю десятку только в память о школьных мучениях", "score": 8}}, {"model": "reviews.review", "pk": 56, "fields": {"title": 23, "author": 100, "pub_date": "2023-05-07T16:48:59.331Z", "text": "Ничего не понял", "score": 3}}, {"model": "reviews.review", "pk": 57, "fields": {"title": 23, "author": 101, "pub_date": "2023-05-07T16:48:59.342Z", "text": "Не понял вообще ничего", "score": 1}}, {"model": "reviews.review", "pk": 58, "fields": {"title": 23, "author": 102, "pub_date": "2023-05-07T16:48:59.353Z", "text": "Совсем непонятно, но здорово", "score": 8}}, {"model": "reviews.review", "pk": 59, "fields": {"title": 23, "author": 103, "pub_date": "2023-05-07T16:48:59.364Z", "text": "Что это было?! Десятка за уровень непонятности", "score": 10}}, {"model": "reviews.review", "pk": 60, "fields": {"title": 23, "author": 104, "pub_date": "2023-05-07T16:48:59.375Z", "text": "Детально комментировать не буду, но это шедевр", "score": 10}}, {"model": "reviews.review", "pk": 63, "fields": {"title": 24, "author": 102, "pub_date": "2023-05-07T16:48:59.386Z", "text": "Не может быть такого. Это всё придумано, автор попытался обмануть читателя, но мы, читатели, умнее его. Нас вокруг пальца не обведёшь!!", "score": 2}}, {"model": "reviews.review", "pk": 64, "fields": {"title": 24, "author": 103, "pub_date": "2023-05-07T16:48:59.397Z", "text": "Всё совершенно не так, как на самом деле, и в документальной повести это хорошо описано", "score": 9}}, {"model": "reviews.review", "pk": 65, "fields": {"title": 25, "author": 104, "pub_date": "2023-05-07T16:48:59.420Z", "text": "Если бы я только мог на минутку перестать бумкать головой по ступенькам и как следует сосредоточиться — я бы написал прекрасный отзыв. Но увы — сосредоточиться-то мне и некогда: учёба, работа. Просто поставлю пятёрку", "score": 10}}, {"model": "reviews.review", "pk": 66, "fields": {"title": 25, "author": 100, "pub_date": "2023-05-07T16:48:59.408Z", "text": "Это просто «Война и мир» для детей. Читать всем", "score": 10}}, {"model": "reviews.review", "pk": 67, "fields": {"title": 26, "author": 101, "pub_date": "2023-05-07T16:48:59.431Z", "text": "Слушаю и плачу. Плачу, но слушаю", "score": 10}}, {"model": "reviews.review", "pk": 68, "fields": {"title": 27, "author": 102, "pub_date": "2023-05-07T16:48:59.442Z", "text": "Какой-то непонятный шум. Неужели это кто-то слушает?", "score": 1}}, {"model": "reviews.review", "pk": 69, "fields": {"title": 27, "author": 103, "pub_date": "2023-05-07T16:48:59.453Z", "text": "Ничего не понятно. О чём эта песня, чему она учит?", "score": 2}}, {"model": "reviews.review", "pk": 70, "fields": {"title": 28, "author": 104, "pub_date": "2023-05-07T16:48:59.476Z", "text": "Йэн Андерсон великий!!!!!!!!1111", "score": 10}}, {"model": "reviews.review", "pk": 71, "fields": {"title": 28, "author": 100, "pub_date": "2023-05-07T16:48:59.464Z", "text": "Неужели песню про аквалангистов перевели на английский?! Ну наконец-то! Аквалангисты — это хорошо!", "score": 10}}, {"model": "reviews.review", "pk": 72, "fields": {"title": 29, "author": 101, "pub_date": "2023-05-07T16:48:59.486Z", "text": "Мы прыгали, вертелись и кружились так, что пол ходил ходуном!", "score": 10}}, {"model": "reviews.review", "pk": 73, "fields": {"title": 30, "author": 104, "pub_date": "2023-05-07T16:48:59.497Z", "text": "Это единственный риф, который я умею играть на своей супердорогой гитаре! Моя любимая песня", "score": 10}}, {"model": "reviews.review", "pk": 74, "fields": {"title": 31, "author": 100, "pub_date": "2023-05-07T16:48:59.508Z", "text": "Странно: Моцарт - австриец, а марш - турецкий. Не понимаю, как так вышло. Звучит красиво, но за географическую путаницу ставлю восемь", "score": 8}}, {"model": "reviews.review", "pk": 75, "fields": {"title": 32, "author": 102, "pub_date": "2023-05-07T16:48:59.520Z", "text": "Бах forever. Это вам не три аккорда на гитаре, как у смок он зе вотер", "score": 10}}, {"model": "reviews.comment", "pk": 1, "fields": {"review": 6, "author": 102, "pub_date": "2023-05-07T16:48:59.532Z", "text": "Ничего подобного, в фильме всё не так, и программирование тут вообще ни при чём!"}}, {"model": "reviews.comment", "pk": 2, "fields": {"review": 6, "author": 101, "pub_date": "2023-05-07T16:48:59.542Z", "text": "Ну надо же, не нашлось ничего лучшего, кроме как прокомментировать разговор про гамбургеры, будто в фильме ничего важнее этого нет"}}, {"model": "reviews.comment", "pk": 3, "fields": {"review": 6, "author": 103, "pub_date": "2023-05-07T16:48:59.553Z", "text": "Кстати, а что такое \"четверть фунта\"? В граммах это сколько?"}}]